year,unitid,inst_name,state_name,years_after_entry,earnings_female_mean,earnings_male_mean
2014,161873,University of Baltimore,Maryland,10,59100,70800
2014,161873,University of Baltimore,Maryland,6,42300,49100
2014,161873,University of Baltimore,Maryland,8,,
2014,162007,Bowie State University,Maryland,10,46400,52700
2014,162007,Bowie State University,Maryland,6,34100,34200
2014,162007,Bowie State University,Maryland,8,,
2014,162061,Capitol Technology University,Maryland,10,Suppressed data,Suppressed data
2014,162061,Capitol Technology University,Maryland,6,Suppressed data,Suppressed data
2014,162061,Capitol Technology University,Maryland,8,,
2014,162210,Washington Adventist University,Maryland,10,47500,43800
2014,162210,Washington Adventist University,Maryland,6,45900,48500
2014,162210,Washington Adventist University,Maryland,8,,
2014,162283,Coppin State University,Maryland,10,40800,44500
2014,162283,Coppin State University,Maryland,6,31600,32000
2014,162283,Coppin State University,Maryland,8,,
2014,162584,Frostburg State University,Maryland,10,42600,51200
2014,162584,Frostburg State University,Maryland,6,31400,36000
2014,162584,Frostburg State University,Maryland,8,,
2014,162654,Goucher College,Maryland,10,51200,62400
2014,162654,Goucher College,Maryland,6,31100,33500
2014,162654,Goucher College,Maryland,8,,
2014,162681,Kaplan University-Hagerstown Campus,Maryland,10,35400,53100
2014,162681,Kaplan University-Hagerstown Campus,Maryland,6,26300,37200
2014,162681,Kaplan University-Hagerstown Campus,Maryland,8,,
2014,162760,Hood College,Maryland,10,45800,60000
2014,162760,Hood College,Maryland,6,36300,39700
2014,162760,Hood College,Maryland,8,,
2014,162928,Johns Hopkins University,Maryland,10,83500,97100
2014,162928,Johns Hopkins University,Maryland,6,62800,74700
2014,162928,Johns Hopkins University,Maryland,8,,
2014,163046,Loyola University Maryland,Maryland,10,68900,93600
2014,163046,Loyola University Maryland,Maryland,6,50400,54000
2014,163046,Loyola University Maryland,Maryland,8,,
2014,163204,University of Maryland-University College,Maryland,10,49100,71900
2014,163204,University of Maryland-University College,Maryland,6,42600,57200
2014,163204,University of Maryland-University College,Maryland,8,,
2014,163259,University of Maryland-Baltimore,Maryland,10,97200,164500
2014,163259,University of Maryland-Baltimore,Maryland,6,74500,99200
2014,163259,University of Maryland-Baltimore,Maryland,8,,
2014,163268,University of Maryland-Baltimore County,Maryland,10,53600,65200
2014,163268,University of Maryland-Baltimore County,Maryland,6,38900,46600
2014,163268,University of Maryland-Baltimore County,Maryland,8,,
2014,163286,University of Maryland-College Park,Maryland,10,63300,78400
2014,163286,University of Maryland-College Park,Maryland,6,45300,54400
2014,163286,University of Maryland-College Park,Maryland,8,,
2014,163295,Maryland Institute College of Art,Maryland,10,39800,43100
2014,163295,Maryland Institute College of Art,Maryland,6,29800,31200
2014,163295,Maryland Institute College of Art,Maryland,8,,
2014,163338,University of Maryland Eastern Shore,Maryland,10,38400,43000
2014,163338,University of Maryland Eastern Shore,Maryland,6,28700,29700
2014,163338,University of Maryland Eastern Shore,Maryland,8,,
2014,163453,Morgan State University,Maryland,10,41400,44000
2014,163453,Morgan State University,Maryland,6,30100,30600
2014,163453,Morgan State University,Maryland,8,,
2014,163462,Mount St Mary's University,Maryland,10,51800,64900
2014,163462,Mount St Mary's University,Maryland,6,41500,42800
2014,163462,Mount St Mary's University,Maryland,8,,
2014,163532,Ner Israel Rabbinical College,Maryland,10,Suppressed data,Suppressed data
2014,163532,Ner Israel Rabbinical College,Maryland,6,Suppressed data,Suppressed data
2014,163532,Ner Israel Rabbinical College,Maryland,8,,
2014,163578,Notre Dame of Maryland University,Maryland,10,Suppressed data,Suppressed data
2014,163578,Notre Dame of Maryland University,Maryland,6,Suppressed data,Suppressed data
2014,163578,Notre Dame of Maryland University,Maryland,8,,
2014,163851,Salisbury University,Maryland,10,50300,59300
2014,163851,Salisbury University,Maryland,6,39800,40200
2014,163851,Salisbury University,Maryland,8,,
2014,163912,St Mary's College of Maryland,Maryland,10,52200,59400
2014,163912,St Mary's College of Maryland,Maryland,6,37200,40300
2014,163912,St Mary's College of Maryland,Maryland,8,,
2014,163921,Sojourner-Douglass College,Maryland,10,35700,33700
2014,163921,Sojourner-Douglass College,Maryland,6,33500,31900
2014,163921,Sojourner-Douglass College,Maryland,8,,
2014,163976,St John's College,Maryland,10,37400,46100
2014,163976,St John's College,Maryland,6,27600,35400
2014,163976,St John's College,Maryland,8,,
2014,164076,Towson University,Maryland,10,51400,61700
2014,164076,Towson University,Maryland,6,40600,43800
2014,164076,Towson University,Maryland,8,,
2014,164173,Stevenson University,Maryland,10,51500,62200
2014,164173,Stevenson University,Maryland,6,43600,44100
2014,164173,Stevenson University,Maryland,8,,
2014,164216,Washington College,Maryland,10,51400,65900
2014,164216,Washington College,Maryland,6,37900,44700
2014,164216,Washington College,Maryland,8,,
2014,164270,McDaniel College,Maryland,10,47900,61500
2014,164270,McDaniel College,Maryland,6,35500,37500
2014,164270,McDaniel College,Maryland,8,,
2014,430184,Strayer University-Maryland,Maryland,10,47100,65600
2014,430184,Strayer University-Maryland,Maryland,6,34900,45800
2014,430184,Strayer University-Maryland,Maryland,8,,
2014,434973,University of Phoenix-Maryland,Maryland,10,47600,67400
2014,434973,University of Phoenix-Maryland,Maryland,6,30000,42700
2014,434973,University of Phoenix-Maryland,Maryland,8,,
2014,446394,Maple Springs Baptist Bible College and Seminary,Maryland,10,Suppressed data,Suppressed data
2014,446394,Maple Springs Baptist Bible College and Seminary,Maryland,6,Suppressed data,Suppressed data
2014,446394,Maple Springs Baptist Bible College and Seminary,Maryland,8,,
2014,446914,ITT Technical Institute-Owings Mills,Maryland,10,34100,46600
2014,446914,ITT Technical Institute-Owings Mills,Maryland,6,27700,38300
2014,446914,ITT Technical Institute-Owings Mills,Maryland,8,,
2014,462372,ITT Technical Institute-Hanover,Maryland,10,34100,46600
2014,462372,ITT Technical Institute-Hanover,Maryland,6,27700,38300
2014,462372,ITT Technical Institute-Hanover,Maryland,8,,
2014,482501,DeVry University-Maryland,Maryland,10,42500,54600
2014,482501,DeVry University-Maryland,Maryland,6,32900,40700
2014,482501,DeVry University-Maryland,Maryland,8,,
2013,161873,University of Baltimore,Maryland,10,57400,66000
2013,161873,University of Baltimore,Maryland,6,45800,52800
2013,161873,University of Baltimore,Maryland,8,,
2013,162007,Bowie State University,Maryland,10,47700,55400
2013,162007,Bowie State University,Maryland,6,33500,32100
2013,162007,Bowie State University,Maryland,8,,
2013,162061,Capitol College,Maryland,10,Suppressed data,Suppressed data
2013,162061,Capitol College,Maryland,6,Suppressed data,Suppressed data
2013,162061,Capitol College,Maryland,8,,
2013,162210,Washington Adventist University,Maryland,10,48100,47400
2013,162210,Washington Adventist University,Maryland,6,39000,44300
2013,162210,Washington Adventist University,Maryland,8,,
2013,162283,Coppin State University,Maryland,10,37700,40100
2013,162283,Coppin State University,Maryland,6,31000,28700
2013,162283,Coppin State University,Maryland,8,,
2013,162584,Frostburg State University,Maryland,10,41800,49800
2013,162584,Frostburg State University,Maryland,6,31300,34800
2013,162584,Frostburg State University,Maryland,8,,
2013,162654,Goucher College,Maryland,10,47600,61400
2013,162654,Goucher College,Maryland,6,29300,31100
2013,162654,Goucher College,Maryland,8,,
2013,162681,Kaplan University-Hagerstown Campus,Maryland,10,34200,53600
2013,162681,Kaplan University-Hagerstown Campus,Maryland,6,25800,37600
2013,162681,Kaplan University-Hagerstown Campus,Maryland,8,,
2013,162760,Hood College,Maryland,10,44200,61900
2013,162760,Hood College,Maryland,6,35400,38100
2013,162760,Hood College,Maryland,8,,
2013,162928,Johns Hopkins University,Maryland,10,80700,92600
2013,162928,Johns Hopkins University,Maryland,6,63000,76000
2013,162928,Johns Hopkins University,Maryland,8,,
2013,163046,Loyola University Maryland,Maryland,10,66600,90900
2013,163046,Loyola University Maryland,Maryland,6,46300,51600
2013,163046,Loyola University Maryland,Maryland,8,,
2013,163204,University of Maryland-University College,Maryland,10,47900,69600
2013,163204,University of Maryland-University College,Maryland,6,40600,56700
2013,163204,University of Maryland-University College,Maryland,8,,
2013,163259,University of Maryland-Baltimore,Maryland,10,90600,139600
2013,163259,University of Maryland-Baltimore,Maryland,6,74800,101000
2013,163259,University of Maryland-Baltimore,Maryland,8,,
2013,163268,University of Maryland-Baltimore County,Maryland,10,52300,66400
2013,163268,University of Maryland-Baltimore County,Maryland,6,38100,44800
2013,163268,University of Maryland-Baltimore County,Maryland,8,,
2013,163286,University of Maryland-College Park,Maryland,10,61300,75800
2013,163286,University of Maryland-College Park,Maryland,6,43100,52000
2013,163286,University of Maryland-College Park,Maryland,8,,
2013,163295,Maryland Institute College of Art,Maryland,10,37900,43500
2013,163295,Maryland Institute College of Art,Maryland,6,28500,31000
2013,163295,Maryland Institute College of Art,Maryland,8,,
2013,163338,University of Maryland Eastern Shore,Maryland,10,39300,41900
2013,163338,University of Maryland Eastern Shore,Maryland,6,26700,30000
2013,163338,University of Maryland Eastern Shore,Maryland,8,,
2013,163453,Morgan State University,Maryland,10,39300,42900
2013,163453,Morgan State University,Maryland,6,28400,28800
2013,163453,Morgan State University,Maryland,8,,
2013,163462,Mount St Mary's University,Maryland,10,52600,60900
2013,163462,Mount St Mary's University,Maryland,6,40600,41000
2013,163462,Mount St Mary's University,Maryland,8,,
2013,163532,Ner Israel Rabbinical College,Maryland,10,Suppressed data,Suppressed data
2013,163532,Ner Israel Rabbinical College,Maryland,6,Suppressed data,Suppressed data
2013,163532,Ner Israel Rabbinical College,Maryland,8,,
2013,163578,Notre Dame of Maryland University,Maryland,10,Suppressed data,Suppressed data
2013,163578,Notre Dame of Maryland University,Maryland,6,Suppressed data,Suppressed data
2013,163578,Notre Dame of Maryland University,Maryland,8,,
2013,163851,Salisbury University,Maryland,10,47100,58300
2013,163851,Salisbury University,Maryland,6,37600,37600
2013,163851,Salisbury University,Maryland,8,,
2013,163912,St Mary's College of Maryland,Maryland,10,49800,54300
2013,163912,St Mary's College of Maryland,Maryland,6,35500,37100
2013,163912,St Mary's College of Maryland,Maryland,8,,
2013,163921,Sojourner-Douglass College,Maryland,10,33500,37500
2013,163921,Sojourner-Douglass College,Maryland,6,32200,28400
2013,163921,Sojourner-Douglass College,Maryland,8,,
2013,163976,St John's College,Maryland,10,40500,41900
2013,163976,St John's College,Maryland,6,25000,34400
2013,163976,St John's College,Maryland,8,,
2013,164076,Towson University,Maryland,10,49700,59800
2013,164076,Towson University,Maryland,6,39700,42000
2013,164076,Towson University,Maryland,8,,
2013,164085,Maryland University of Integrative Health,Maryland,10,Suppressed data,Suppressed data
2013,164085,Maryland University of Integrative Health,Maryland,6,Suppressed data,Suppressed data
2013,164085,Maryland University of Integrative Health,Maryland,8,,
2013,164173,Stevenson University,Maryland,10,50300,56700
2013,164173,Stevenson University,Maryland,6,41000,41800
2013,164173,Stevenson University,Maryland,8,,
2013,164216,Washington College,Maryland,10,45900,60500
2013,164216,Washington College,Maryland,6,35400,41200
2013,164216,Washington College,Maryland,8,,
2013,164270,McDaniel College,Maryland,10,48100,59800
2013,164270,McDaniel College,Maryland,6,33200,39500
2013,164270,McDaniel College,Maryland,8,,
2013,369817,Bethel Seminary of the East,Maryland,10,45000,58800
2013,369817,Bethel Seminary of the East,Maryland,6,40700,45900
2013,369817,Bethel Seminary of the East,Maryland,8,,
2013,430184,Strayer University-Maryland,Maryland,10,46800,66600
2013,430184,Strayer University-Maryland,Maryland,6,35900,48200
2013,430184,Strayer University-Maryland,Maryland,8,,
2013,434973,University of Phoenix-Maryland Campus,Maryland,10,48600,67500
2013,434973,University of Phoenix-Maryland Campus,Maryland,6,31800,46000
2013,434973,University of Phoenix-Maryland Campus,Maryland,8,,
2013,446914,ITT Technical Institute-Owings Mills,Maryland,10,33600,44800
2013,446914,ITT Technical Institute-Owings Mills,Maryland,6,26800,37300
2013,446914,ITT Technical Institute-Owings Mills,Maryland,8,,
2013,462372,ITT Technical Institute-Hanover,Maryland,10,33600,44800
2013,462372,ITT Technical Institute-Hanover,Maryland,6,26800,37300
2013,462372,ITT Technical Institute-Hanover,Maryland,8,,
2013,482501,DeVry University-Maryland,Maryland,10,44000,54400
2013,482501,DeVry University-Maryland,Maryland,6,32200,39300
2013,482501,DeVry University-Maryland,Maryland,8,,
2012,161873,University of Baltimore,Maryland,10,55700,69700
2012,161873,University of Baltimore,Maryland,6,49700,58700
2012,161873,University of Baltimore,Maryland,8,,
2012,162007,Bowie State University,Maryland,10,48600,55400
2012,162007,Bowie State University,Maryland,6,34700,33600
2012,162007,Bowie State University,Maryland,8,,
2012,162061,Capitol College,Maryland,10,Suppressed data,Suppressed data
2012,162061,Capitol College,Maryland,6,Suppressed data,Suppressed data
2012,162061,Capitol College,Maryland,8,,
2012,162210,Washington Adventist University,Maryland,10,48300,48600
2012,162210,Washington Adventist University,Maryland,6,41400,35700
2012,162210,Washington Adventist University,Maryland,8,,
2012,162283,Coppin State University,Maryland,10,37400,39500
2012,162283,Coppin State University,Maryland,6,32500,30500
2012,162283,Coppin State University,Maryland,8,,
2012,162584,Frostburg State University,Maryland,10,40800,50000
2012,162584,Frostburg State University,Maryland,6,30600,34600
2012,162584,Frostburg State University,Maryland,8,,
2012,162654,Goucher College,Maryland,10,48100,55000
2012,162654,Goucher College,Maryland,6,30200,29200
2012,162654,Goucher College,Maryland,8,,
2012,162681,Kaplan University-Hagerstown Campus,Maryland,10,33500,53400
2012,162681,Kaplan University-Hagerstown Campus,Maryland,6,27400,40600
2012,162681,Kaplan University-Hagerstown Campus,Maryland,8,,
2012,162760,Hood College,Maryland,10,Suppressed data,Suppressed data
2012,162760,Hood College,Maryland,6,32600,37500
2012,162760,Hood College,Maryland,8,,
2012,162928,Johns Hopkins University,Maryland,10,74300,87100
2012,162928,Johns Hopkins University,Maryland,6,61500,70600
2012,162928,Johns Hopkins University,Maryland,8,,
2012,163046,Loyola University Maryland,Maryland,10,67200,81900
2012,163046,Loyola University Maryland,Maryland,6,45300,50200
2012,163046,Loyola University Maryland,Maryland,8,,
2012,163204,University of Maryland-University College,Maryland,10,49500,66300
2012,163204,University of Maryland-University College,Maryland,6,39800,57800
2012,163204,University of Maryland-University College,Maryland,8,,
2012,163259,University of Maryland-Baltimore,Maryland,10,86400,139100
2012,163259,University of Maryland-Baltimore,Maryland,6,75400,110200
2012,163259,University of Maryland-Baltimore,Maryland,8,,
2012,163268,University of Maryland-Baltimore County,Maryland,10,50500,67700
2012,163268,University of Maryland-Baltimore County,Maryland,6,38200,44800
2012,163268,University of Maryland-Baltimore County,Maryland,8,,
2012,163286,University of Maryland-College Park,Maryland,10,60000,74500
2012,163286,University of Maryland-College Park,Maryland,6,42900,51800
2012,163286,University of Maryland-College Park,Maryland,8,,
2012,163295,Maryland Institute College of Art,Maryland,10,37000,36700
2012,163295,Maryland Institute College of Art,Maryland,6,27700,29700
2012,163295,Maryland Institute College of Art,Maryland,8,,
2012,163338,University of Maryland Eastern Shore,Maryland,10,38600,41100
2012,163338,University of Maryland Eastern Shore,Maryland,6,27200,31400
2012,163338,University of Maryland Eastern Shore,Maryland,8,,
2012,163453,Morgan State University,Maryland,10,39800,42400
2012,163453,Morgan State University,Maryland,6,28800,28400
2012,163453,Morgan State University,Maryland,8,,
2012,163462,Mount St Mary's University,Maryland,10,51200,58900
2012,163462,Mount St Mary's University,Maryland,6,39800,41900
2012,163462,Mount St Mary's University,Maryland,8,,
2012,163532,Ner Israel Rabbinical College,Maryland,10,Suppressed data,Suppressed data
2012,163532,Ner Israel Rabbinical College,Maryland,6,Suppressed data,Suppressed data
2012,163532,Ner Israel Rabbinical College,Maryland,8,,
2012,163578,Notre Dame of Maryland University,Maryland,10,Suppressed data,Suppressed data
2012,163578,Notre Dame of Maryland University,Maryland,6,Suppressed data,Suppressed data
2012,163578,Notre Dame of Maryland University,Maryland,8,,
2012,163851,Salisbury University,Maryland,10,46100,54900
2012,163851,Salisbury University,Maryland,6,37400,38100
2012,163851,Salisbury University,Maryland,8,,
2012,163912,St Mary's College of Maryland,Maryland,10,49800,53200
2012,163912,St Mary's College of Maryland,Maryland,6,33300,38300
2012,163912,St Mary's College of Maryland,Maryland,8,,
2012,163921,Sojourner-Douglass College,Maryland,10,34600,36400
2012,163921,Sojourner-Douglass College,Maryland,6,30900,25700
2012,163921,Sojourner-Douglass College,Maryland,8,,
2012,163976,St John's College,Maryland,10,43000,42000
2012,163976,St John's College,Maryland,6,24700,32100
2012,163976,St John's College,Maryland,8,,
2012,164076,Towson University,Maryland,10,48900,60000
2012,164076,Towson University,Maryland,6,39500,40700
2012,164076,Towson University,Maryland,8,,
2012,164085,Maryland University of Integrative Health,Maryland,10,Suppressed data,Suppressed data
2012,164085,Maryland University of Integrative Health,Maryland,6,Suppressed data,Suppressed data
2012,164085,Maryland University of Integrative Health,Maryland,8,,
2012,164173,Stevenson University,Maryland,10,51000,57400
2012,164173,Stevenson University,Maryland,6,39500,40900
2012,164173,Stevenson University,Maryland,8,,
2012,164207,Washington Bible College-Capital Bible Seminary,Maryland,10,Suppressed data,Suppressed data
2012,164207,Washington Bible College-Capital Bible Seminary,Maryland,6,Suppressed data,Suppressed data
2012,164207,Washington Bible College-Capital Bible Seminary,Maryland,8,,
2012,164216,Washington College,Maryland,10,45600,57000
2012,164216,Washington College,Maryland,6,34100,40200
2012,164216,Washington College,Maryland,8,,
2012,164270,McDaniel College,Maryland,10,46200,54700
2012,164270,McDaniel College,Maryland,6,33700,39700
2012,164270,McDaniel College,Maryland,8,,
2012,369817,Bethel Seminary of the East,Maryland,10,46900,56300
2012,369817,Bethel Seminary of the East,Maryland,6,40400,43900
2012,369817,Bethel Seminary of the East,Maryland,8,,
2012,430184,Strayer University-Maryland,Maryland,10,48300,65800
2012,430184,Strayer University-Maryland,Maryland,6,37600,50200
2012,430184,Strayer University-Maryland,Maryland,8,,
2012,434973,University of Phoenix-Maryland Campus,Maryland,10,51200,69100
2012,434973,University of Phoenix-Maryland Campus,Maryland,6,34600,49000
2012,434973,University of Phoenix-Maryland Campus,Maryland,8,,
2012,439330,DeVry University-Maryland,Maryland,10,44300,54300
2012,439330,DeVry University-Maryland,Maryland,6,32200,39500
2012,439330,DeVry University-Maryland,Maryland,8,,
2012,446914,ITT Technical Institute-Owings Mills,Maryland,10,31600,44700
2012,446914,ITT Technical Institute-Owings Mills,Maryland,6,25800,35800
2012,446914,ITT Technical Institute-Owings Mills,Maryland,8,,
2012,462080,DeVry University's Keller Graduate School of Management-Maryland,Maryland,10,Suppressed data,Suppressed data
2012,462080,DeVry University's Keller Graduate School of Management-Maryland,Maryland,6,Suppressed data,Suppressed data
2012,462080,DeVry University's Keller Graduate School of Management-Maryland,Maryland,8,,
2012,462372,ITT Technical Institute-Hanover,Maryland,10,31600,44700
2012,462372,ITT Technical Institute-Hanover,Maryland,6,25800,35800
2012,462372,ITT Technical Institute-Hanover,Maryland,8,,
2011,161873,University of Baltimore,Maryland,10,55900,72400
2011,161873,University of Baltimore,Maryland,6,49400,57300
2011,161873,University of Baltimore,Maryland,8,,
2011,162007,Bowie State University,Maryland,10,47900,55400
2011,162007,Bowie State University,Maryland,6,36600,38600
2011,162007,Bowie State University,Maryland,8,,
2011,162061,Capitol College,Maryland,10,Suppressed data,Suppressed data
2011,162061,Capitol College,Maryland,6,Suppressed data,Suppressed data
2011,162061,Capitol College,Maryland,8,,
2011,162210,Washington Adventist University,Maryland,10,54200,47600
2011,162210,Washington Adventist University,Maryland,6,41400,35400
2011,162210,Washington Adventist University,Maryland,8,,
2011,162283,Coppin State University,Maryland,10,39000,40700
2011,162283,Coppin State University,Maryland,6,32600,33500
2011,162283,Coppin State University,Maryland,8,,
2011,162584,Frostburg State University,Maryland,10,41700,50500
2011,162584,Frostburg State University,Maryland,6,31100,35200
2011,162584,Frostburg State University,Maryland,8,,
2011,162654,Goucher College,Maryland,10,48100,52100
2011,162654,Goucher College,Maryland,6,29800,33400
2011,162654,Goucher College,Maryland,8,,
2011,162681,Kaplan University-Hagerstown Campus,Maryland,10,34500,50200
2011,162681,Kaplan University-Hagerstown Campus,Maryland,6,29300,42600
2011,162681,Kaplan University-Hagerstown Campus,Maryland,8,,
2011,162760,Hood College,Maryland,10,Suppressed data,Suppressed data
2011,162760,Hood College,Maryland,6,32600,36400
2011,162760,Hood College,Maryland,8,,
2011,162928,Johns Hopkins University,Maryland,10,74000,97700
2011,162928,Johns Hopkins University,Maryland,6,60500,67500
2011,162928,Johns Hopkins University,Maryland,8,,
2011,163046,Loyola University Maryland,Maryland,10,64800,81600
2011,163046,Loyola University Maryland,Maryland,6,45600,50700
2011,163046,Loyola University Maryland,Maryland,8,,
2011,163204,University of Maryland-University College,Maryland,10,50700,65900
2011,163204,University of Maryland-University College,Maryland,6,40700,57800
2011,163204,University of Maryland-University College,Maryland,8,,
2011,163259,University of Maryland-Baltimore,Maryland,10,84200,138000
2011,163259,University of Maryland-Baltimore,Maryland,6,74900,108800
2011,163259,University of Maryland-Baltimore,Maryland,8,,
2011,163268,University of Maryland-Baltimore County,Maryland,10,51200,63700
2011,163268,University of Maryland-Baltimore County,Maryland,6,38600,44800
2011,163268,University of Maryland-Baltimore County,Maryland,8,,
2011,163286,University of Maryland-College Park,Maryland,10,58400,74600
2011,163286,University of Maryland-College Park,Maryland,6,44300,51400
2011,163286,University of Maryland-College Park,Maryland,8,,
2011,163295,Maryland Institute College of Art,Maryland,10,36000,36200
2011,163295,Maryland Institute College of Art,Maryland,6,26100,28900
2011,163295,Maryland Institute College of Art,Maryland,8,,
2011,163338,University of Maryland Eastern Shore,Maryland,10,39700,42000
2011,163338,University of Maryland Eastern Shore,Maryland,6,28400,30100
2011,163338,University of Maryland Eastern Shore,Maryland,8,,
2011,163453,Morgan State University,Maryland,10,41400,44100
2011,163453,Morgan State University,Maryland,6,29200,30300
2011,163453,Morgan State University,Maryland,8,,
2011,163462,Mount St Mary's University,Maryland,10,49900,65700
2011,163462,Mount St Mary's University,Maryland,6,40000,42500
2011,163462,Mount St Mary's University,Maryland,8,,
2011,163532,Ner Israel Rabbinical College,Maryland,10,Suppressed data,Suppressed data
2011,163532,Ner Israel Rabbinical College,Maryland,6,Suppressed data,Suppressed data
2011,163532,Ner Israel Rabbinical College,Maryland,8,,
2011,163578,Notre Dame of Maryland University,Maryland,10,Suppressed data,Suppressed data
2011,163578,Notre Dame of Maryland University,Maryland,6,Suppressed data,Suppressed data
2011,163578,Notre Dame of Maryland University,Maryland,8,,
2011,163842,St Mary's Seminary & University,Maryland,10,Suppressed data,Suppressed data
2011,163851,Salisbury University,Maryland,10,46900,53100
2011,163851,Salisbury University,Maryland,6,38100,38500
2011,163851,Salisbury University,Maryland,8,,
2011,163912,St Mary's College of Maryland,Maryland,10,53600,52500
2011,163912,St Mary's College of Maryland,Maryland,6,33800,39000
2011,163912,St Mary's College of Maryland,Maryland,8,,
2011,163921,Sojourner-Douglass College,Maryland,10,36800,35700
2011,163921,Sojourner-Douglass College,Maryland,6,30600,28800
2011,163921,Sojourner-Douglass College,Maryland,8,,
2011,163976,St John's College,Maryland,10,Suppressed data,Suppressed data
2011,163976,St John's College,Maryland,6,25600,30400
2011,163976,St John's College,Maryland,8,,
2011,164076,Towson University,Maryland,10,48300,59700
2011,164076,Towson University,Maryland,6,39600,40700
2011,164076,Towson University,Maryland,8,,
2011,164085,Tai Sophia Institute,Maryland,8,,
2011,164173,Stevenson University,Maryland,10,52600,57800
2011,164173,Stevenson University,Maryland,6,39300,42600
2011,164173,Stevenson University,Maryland,8,,
2011,164207,Washington Bible College-Capital Bible Seminary,Maryland,10,Suppressed data,Suppressed data
2011,164207,Washington Bible College-Capital Bible Seminary,Maryland,6,Suppressed data,Suppressed data
2011,164207,Washington Bible College-Capital Bible Seminary,Maryland,8,,
2011,164216,Washington College,Maryland,10,48000,59600
2011,164216,Washington College,Maryland,6,35600,38300
2011,164216,Washington College,Maryland,8,,
2011,164270,McDaniel College,Maryland,10,44700,56900
2011,164270,McDaniel College,Maryland,6,35500,37500
2011,164270,McDaniel College,Maryland,8,,
2011,430184,Strayer University-Maryland,Maryland,10,51100,64700
2011,430184,Strayer University-Maryland,Maryland,6,39900,52700
2011,430184,Strayer University-Maryland,Maryland,8,,
2011,434034,National Labor College,Maryland,10,Suppressed data,Suppressed data
2011,434973,University of Phoenix-Maryland Campus,Maryland,10,52900,70800
2011,434973,University of Phoenix-Maryland Campus,Maryland,6,39300,53300
2011,434973,University of Phoenix-Maryland Campus,Maryland,8,,
2011,439330,DeVry University-Maryland,Maryland,10,43500,53200
2011,439330,DeVry University-Maryland,Maryland,6,33800,41100
2011,439330,DeVry University-Maryland,Maryland,8,,
2011,446394,Maple Springs Baptist Bible College and Seminary,Maryland,6,Suppressed data,Suppressed data
2011,446914,ITT Technical Institute-Owings Mills,Maryland,10,33800,43900
2011,446914,ITT Technical Institute-Owings Mills,Maryland,6,27200,35900
2011,446914,ITT Technical Institute-Owings Mills,Maryland,8,,
2011,462080,DeVry University's Keller Graduate School of Management-Maryland,Maryland,10,Suppressed data,Suppressed data
2011,462080,DeVry University's Keller Graduate School of Management-Maryland,Maryland,6,51700,69700
2011,462080,DeVry University's Keller Graduate School of Management-Maryland,Maryland,8,,
2011,462372,ITT Technical Institute-Hanover,Maryland,10,33800,43900
2011,462372,ITT Technical Institute-Hanover,Maryland,6,27200,35900
2011,462372,ITT Technical Institute-Hanover,Maryland,8,,
2010,161873,University of Baltimore,Maryland,7,,
2010,161873,University of Baltimore,Maryland,9,,
2010,161882,Baltimore International College,Maryland,7,,
2010,161882,Baltimore International College,Maryland,9,,
2010,162007,Bowie State University,Maryland,7,,
2010,162007,Bowie State University,Maryland,9,,
2010,162061,Capitol College,Maryland,7,,
2010,162061,Capitol College,Maryland,9,,
2010,162210,Washington Adventist University,Maryland,7,,
2010,162210,Washington Adventist University,Maryland,9,,
2010,162283,Coppin State University,Maryland,7,,
2010,162283,Coppin State University,Maryland,9,,
2010,162584,Frostburg State University,Maryland,7,,
2010,162584,Frostburg State University,Maryland,9,,
2010,162654,Goucher College,Maryland,7,,
2010,162654,Goucher College,Maryland,9,,
2010,162681,Kaplan University-Hagerstown Campus,Maryland,7,,
2010,162681,Kaplan University-Hagerstown Campus,Maryland,9,,
2010,162760,Hood College,Maryland,7,,
2010,162760,Hood College,Maryland,9,,
2010,162928,Johns Hopkins University,Maryland,7,,
2010,162928,Johns Hopkins University,Maryland,9,,
2010,163046,Loyola University-Baltimore,Maryland,7,,
2010,163046,Loyola University-Baltimore,Maryland,9,,
2010,163204,University of Maryland-University College,Maryland,7,,
2010,163204,University of Maryland-University College,Maryland,9,,
2010,163259,University of Maryland-Baltimore,Maryland,7,,
2010,163259,University of Maryland-Baltimore,Maryland,9,,
2010,163268,University of Maryland-Baltimore County,Maryland,7,,
2010,163268,University of Maryland-Baltimore County,Maryland,9,,
2010,163286,University of Maryland-College Park,Maryland,7,,
2010,163286,University of Maryland-College Park,Maryland,9,,
2010,163295,Maryland Institute College of Art,Maryland,7,,
2010,163295,Maryland Institute College of Art,Maryland,9,,
2010,163338,University of Maryland Eastern Shore,Maryland,7,,
2010,163338,University of Maryland Eastern Shore,Maryland,9,,
2010,163453,Morgan State University,Maryland,7,,
2010,163453,Morgan State University,Maryland,9,,
2010,163462,Mount St Mary's University,Maryland,7,,
2010,163462,Mount St Mary's University,Maryland,9,,
2010,163532,Ner Israel Rabbinical College,Maryland,7,,
2010,163532,Ner Israel Rabbinical College,Maryland,9,,
2010,163578,College of Notre Dame of Maryland,Maryland,7,,
2010,163578,College of Notre Dame of Maryland,Maryland,9,,
2010,163842,St Mary's Seminary & University,Maryland,9,,
2010,163851,Salisbury University,Maryland,7,,
2010,163851,Salisbury University,Maryland,9,,
2010,163912,St Mary's College of Maryland,Maryland,7,,
2010,163912,St Mary's College of Maryland,Maryland,9,,
2010,163921,Sojourner-Douglass College,Maryland,7,,
2010,163921,Sojourner-Douglass College,Maryland,9,,
2010,163976,St John's College,Maryland,7,,
2010,163976,St John's College,Maryland,9,,
2010,164076,Towson University,Maryland,7,,
2010,164076,Towson University,Maryland,9,,
2010,164085,Tai Sophia Institute,Maryland,7,,
2010,164173,Stevenson University,Maryland,7,,
2010,164173,Stevenson University,Maryland,9,,
2010,164207,Washington Bible College-Capital Bible Seminary,Maryland,7,,
2010,164207,Washington Bible College-Capital Bible Seminary,Maryland,9,,
2010,164216,Washington College,Maryland,7,,
2010,164216,Washington College,Maryland,9,,
2010,164270,McDaniel College,Maryland,7,,
2010,164270,McDaniel College,Maryland,9,,
2010,430184,Strayer University-Maryland,Maryland,7,,
2010,430184,Strayer University-Maryland,Maryland,9,,
2010,434034,National Labor College,Maryland,9,,
2010,434973,University of Phoenix-Maryland Campus,Maryland,7,,
2010,434973,University of Phoenix-Maryland Campus,Maryland,9,,
2010,439330,DeVry University-Maryland,Maryland,7,,
2010,439330,DeVry University-Maryland,Maryland,9,,
2010,446914,ITT Technical Institute-Owings Mills,Maryland,7,,
2010,446914,ITT Technical Institute-Owings Mills,Maryland,9,,
2009,161873,University of Baltimore,Maryland,10,60700,71300
2009,161873,University of Baltimore,Maryland,6,50100,51300
2009,161873,University of Baltimore,Maryland,8,,
2009,161882,Baltimore International College,Maryland,10,33800,37000
2009,161882,Baltimore International College,Maryland,6,27500,31600
2009,161882,Baltimore International College,Maryland,8,,
2009,162007,Bowie State University,Maryland,10,53600,55900
2009,162007,Bowie State University,Maryland,6,41900,42800
2009,162007,Bowie State University,Maryland,8,,
2009,162061,Capitol College,Maryland,10,Suppressed data,Suppressed data
2009,162061,Capitol College,Maryland,6,Suppressed data,Suppressed data
2009,162061,Capitol College,Maryland,8,,
2009,162210,Washington Adventist University,Maryland,10,58300,60500
2009,162210,Washington Adventist University,Maryland,6,48700,45300
2009,162210,Washington Adventist University,Maryland,8,,
2009,162283,Coppin State University,Maryland,10,43100,40500
2009,162283,Coppin State University,Maryland,6,33300,34200
2009,162283,Coppin State University,Maryland,8,,
2009,162584,Frostburg State University,Maryland,10,43100,50200
2009,162584,Frostburg State University,Maryland,6,35800,39000
2009,162584,Frostburg State University,Maryland,8,,
2009,162654,Goucher College,Maryland,10,44100,49200
2009,162654,Goucher College,Maryland,6,34100,37600
2009,162654,Goucher College,Maryland,8,,
2009,162681,Kaplan University,Maryland,10,31000,48100
2009,162681,Kaplan University,Maryland,6,31500,47400
2009,162681,Kaplan University,Maryland,8,,
2009,162760,Hood College,Maryland,10,Suppressed data,Suppressed data
2009,162760,Hood College,Maryland,6,Suppressed data,Suppressed data
2009,162760,Hood College,Maryland,8,,
2009,162928,Johns Hopkins University,Maryland,10,69400,90200
2009,162928,Johns Hopkins University,Maryland,6,64100,65500
2009,162928,Johns Hopkins University,Maryland,8,,
2009,163046,Loyola University Maryland,Maryland,10,67000,82700
2009,163046,Loyola University Maryland,Maryland,6,48300,60100
2009,163046,Loyola University Maryland,Maryland,8,,
2009,163204,University of Maryland-University College,Maryland,10,51200,66800
2009,163204,University of Maryland-University College,Maryland,6,41700,55800
2009,163204,University of Maryland-University College,Maryland,8,,
2009,163259,University of Maryland-Baltimore,Maryland,10,81300,132800
2009,163259,University of Maryland-Baltimore,Maryland,6,81000,108700
2009,163259,University of Maryland-Baltimore,Maryland,8,,
2009,163268,University of Maryland-Baltimore County,Maryland,10,56400,63400
2009,163268,University of Maryland-Baltimore County,Maryland,6,40600,48200
2009,163268,University of Maryland-Baltimore County,Maryland,8,,
2009,163286,University of Maryland-College Park,Maryland,10,61200,71500
2009,163286,University of Maryland-College Park,Maryland,6,46900,55100
2009,163286,University of Maryland-College Park,Maryland,8,,
2009,163295,Maryland Institute College of Art,Maryland,10,37100,39300
2009,163295,Maryland Institute College of Art,Maryland,6,28900,28800
2009,163295,Maryland Institute College of Art,Maryland,8,,
2009,163338,University of Maryland Eastern Shore,Maryland,10,43700,47200
2009,163338,University of Maryland Eastern Shore,Maryland,6,32000,33300
2009,163338,University of Maryland Eastern Shore,Maryland,8,,
2009,163453,Morgan State University,Maryland,10,46100,46700
2009,163453,Morgan State University,Maryland,6,31300,31700
2009,163453,Morgan State University,Maryland,8,,
2009,163462,Mount St. Mary's University,Maryland,10,55000,68000
2009,163462,Mount St. Mary's University,Maryland,6,42700,44200
2009,163462,Mount St. Mary's University,Maryland,8,,
2009,163532,Ner Israel Rabbinical College,Maryland,10,Suppressed data,Suppressed data
2009,163532,Ner Israel Rabbinical College,Maryland,6,Suppressed data,Suppressed data
2009,163532,Ner Israel Rabbinical College,Maryland,8,,
2009,163578,College of Notre Dame of Maryland,Maryland,10,Suppressed data,Suppressed data
2009,163578,College of Notre Dame of Maryland,Maryland,6,Suppressed data,Suppressed data
2009,163578,College of Notre Dame of Maryland,Maryland,8,,
2009,163842,St. Mary's Seminary & University,Maryland,10,Suppressed data,Suppressed data
2009,163842,St. Mary's Seminary & University,Maryland,8,,
2009,163851,Salisbury University,Maryland,10,48700,56100
2009,163851,Salisbury University,Maryland,6,40100,42500
2009,163851,Salisbury University,Maryland,8,,
2009,163912,St. Mary's College of Maryland,Maryland,10,52600,60500
2009,163912,St. Mary's College of Maryland,Maryland,6,37900,36700
2009,163912,St. Mary's College of Maryland,Maryland,8,,
2009,163921,Sojourner-Douglass College,Maryland,10,39300,40400
2009,163921,Sojourner-Douglass College,Maryland,6,32000,37300
2009,163921,Sojourner-Douglass College,Maryland,8,,
2009,163976,St John's College,Maryland,10,49600,48400
2009,163976,St John's College,Maryland,6,30900,25600
2009,163976,St John's College,Maryland,8,,
2009,164076,Towson University,Maryland,10,51300,60800
2009,164076,Towson University,Maryland,6,42100,43100
2009,164076,Towson University,Maryland,8,,
2009,164085,Tai Sophia Institute,Maryland,6,Suppressed data,Suppressed data
2009,164173,Stevenson University,Maryland,10,51200,61800
2009,164173,Stevenson University,Maryland,6,44400,43600
2009,164173,Stevenson University,Maryland,8,,
2009,164207,Washington Bible College-Capital Bible Seminary,Maryland,10,Suppressed data,Suppressed data
2009,164207,Washington Bible College-Capital Bible Seminary,Maryland,6,Suppressed data,Suppressed data
2009,164207,Washington Bible College-Capital Bible Seminary,Maryland,8,,
2009,164216,Washington College,Maryland,10,49500,65100
2009,164216,Washington College,Maryland,6,37900,42400
2009,164216,Washington College,Maryland,8,,
2009,164270,McDaniel College,Maryland,10,46700,57300
2009,164270,McDaniel College,Maryland,6,36800,44700
2009,164270,McDaniel College,Maryland,8,,
2009,434034,National Labor College,Maryland,10,Suppressed data,Suppressed data
2009,434034,National Labor College,Maryland,8,,
2009,434973,University of Phoenix-Maryland Campus,Maryland,10,59300,74600
2009,434973,University of Phoenix-Maryland Campus,Maryland,6,44700,59400
2009,434973,University of Phoenix-Maryland Campus,Maryland,8,,
2009,439330,DeVry University-Maryland,Maryland,10,Suppressed data,Suppressed data
2009,439330,DeVry University-Maryland,Maryland,6,Suppressed data,Suppressed data
2009,439330,DeVry University-Maryland,Maryland,8,,
2009,446914,ITT Technical Institute-Owings Mills,Maryland,10,29400,42800
2009,446914,ITT Technical Institute-Owings Mills,Maryland,6,26400,32200
2009,446914,ITT Technical Institute-Owings Mills,Maryland,8,,
2008,161837,Baltimore Hebrew University Inc,Maryland,7,,
2008,161837,Baltimore Hebrew University Inc,Maryland,9,,
2008,161873,University of Baltimore,Maryland,7,,
2008,161873,University of Baltimore,Maryland,9,,
2008,161882,Baltimore International College,Maryland,7,,
2008,161882,Baltimore International College,Maryland,9,,
2008,162007,Bowie State University,Maryland,7,,
2008,162007,Bowie State University,Maryland,9,,
2008,162061,Capitol College,Maryland,7,,
2008,162061,Capitol College,Maryland,9,,
2008,162210,Columbia Union College,Maryland,7,,
2008,162210,Columbia Union College,Maryland,9,,
2008,162283,Coppin State University,Maryland,7,,
2008,162283,Coppin State University,Maryland,9,,
2008,162584,Frostburg State University,Maryland,7,,
2008,162584,Frostburg State University,Maryland,9,,
2008,162654,Goucher College,Maryland,7,,
2008,162654,Goucher College,Maryland,9,,
2008,162681,Kaplan College,Maryland,7,,
2008,162681,Kaplan College,Maryland,9,,
2008,162760,Hood College,Maryland,7,,
2008,162760,Hood College,Maryland,9,,
2008,162928,Johns Hopkins University,Maryland,7,,
2008,162928,Johns Hopkins University,Maryland,9,,
2008,163046,Loyola College in Maryland,Maryland,7,,
2008,163046,Loyola College in Maryland,Maryland,9,,
2008,163204,University of Maryland-University College,Maryland,7,,
2008,163204,University of Maryland-University College,Maryland,9,,
2008,163259,University of Maryland-Baltimore,Maryland,7,,
2008,163259,University of Maryland-Baltimore,Maryland,9,,
2008,163268,University of Maryland-Baltimore County,Maryland,7,,
2008,163268,University of Maryland-Baltimore County,Maryland,9,,
2008,163286,University of Maryland-College Park,Maryland,7,,
2008,163286,University of Maryland-College Park,Maryland,9,,
2008,163295,Maryland Institute College of Art,Maryland,7,,
2008,163295,Maryland Institute College of Art,Maryland,9,,
2008,163338,University of Maryland Eastern Shore,Maryland,7,,
2008,163338,University of Maryland Eastern Shore,Maryland,9,,
2008,163453,Morgan State University,Maryland,7,,
2008,163453,Morgan State University,Maryland,9,,
2008,163462,Mount St Mary's University,Maryland,7,,
2008,163462,Mount St Mary's University,Maryland,9,,
2008,163532,Ner Israel Rabbinical College,Maryland,7,,
2008,163532,Ner Israel Rabbinical College,Maryland,9,,
2008,163578,College of Notre Dame of Maryland,Maryland,7,,
2008,163578,College of Notre Dame of Maryland,Maryland,9,,
2008,163842,St. Mary's Seminary & University,Maryland,7,,
2008,163842,St. Mary's Seminary & University,Maryland,9,,
2008,163851,Salisbury University,Maryland,7,,
2008,163851,Salisbury University,Maryland,9,,
2008,163912,St Mary's College of Maryland,Maryland,7,,
2008,163912,St Mary's College of Maryland,Maryland,9,,
2008,163921,Sojourner-Douglass College,Maryland,7,,
2008,163921,Sojourner-Douglass College,Maryland,9,,
2008,163976,St John's College,Maryland,7,,
2008,163976,St John's College,Maryland,9,,
2008,164076,Towson University,Maryland,7,,
2008,164076,Towson University,Maryland,9,,
2008,164173,Stevenson University,Maryland,7,,
2008,164173,Stevenson University,Maryland,9,,
2008,164207,Washington Bible College-Capital Bible Seminary,Maryland,7,,
2008,164207,Washington Bible College-Capital Bible Seminary,Maryland,9,,
2008,164216,Washington College,Maryland,7,,
2008,164216,Washington College,Maryland,9,,
2008,164270,McDaniel College,Maryland,7,,
2008,164270,McDaniel College,Maryland,9,,
2008,434973,University of Phoenix-Maryland Campus,Maryland,7,,
2008,434973,University of Phoenix-Maryland Campus,Maryland,9,,
2008,439330,DeVry University-Maryland,Maryland,7,,
2008,439330,DeVry University-Maryland,Maryland,9,,
2008,446914,ITT Technical Institute-Owings Mills,Maryland,7,,
2008,446914,ITT Technical Institute-Owings Mills,Maryland,9,,
2007,161837,Baltimore Hebrew University Inc,Maryland,10,Suppressed data,Suppressed data
2007,161837,Baltimore Hebrew University Inc,Maryland,6,Suppressed data,Suppressed data
2007,161837,Baltimore Hebrew University Inc,Maryland,8,,
2007,161873,University of Baltimore,Maryland,10,54700,66300
2007,161873,University of Baltimore,Maryland,6,50700,59900
2007,161873,University of Baltimore,Maryland,8,,
2007,161882,Baltimore International College,Maryland,10,35300,39800
2007,161882,Baltimore International College,Maryland,6,28900,35100
2007,161882,Baltimore International College,Maryland,8,,
2007,162007,Bowie State University,Maryland,10,52900,50000
2007,162007,Bowie State University,Maryland,6,43000,45400
2007,162007,Bowie State University,Maryland,8,,
2007,162061,Capitol College,Maryland,10,Suppressed data,Suppressed data
2007,162061,Capitol College,Maryland,6,Suppressed data,Suppressed data
2007,162061,Capitol College,Maryland,8,,
2007,162210,Columbia Union College,Maryland,10,56300,61300
2007,162210,Columbia Union College,Maryland,6,49700,44300
2007,162210,Columbia Union College,Maryland,8,,
2007,162283,Coppin State University,Maryland,10,43400,43200
2007,162283,Coppin State University,Maryland,6,34800,35400
2007,162283,Coppin State University,Maryland,8,,
2007,162584,Frostburg State University,Maryland,10,46200,52700
2007,162584,Frostburg State University,Maryland,6,36100,39500
2007,162584,Frostburg State University,Maryland,8,,
2007,162654,Goucher College,Maryland,10,47300,56900
2007,162654,Goucher College,Maryland,6,37100,35100
2007,162654,Goucher College,Maryland,8,,
2007,162681,Hagerstown Business College,Maryland,10,Suppressed data,Suppressed data
2007,162681,Hagerstown Business College,Maryland,6,23700,33700
2007,162681,Hagerstown Business College,Maryland,8,,
2007,162760,Hood College,Maryland,10,Suppressed data,Suppressed data
2007,162760,Hood College,Maryland,6,Suppressed data,Suppressed data
2007,162760,Hood College,Maryland,8,,
2007,162928,Johns Hopkins University,Maryland,10,74000,96000
2007,162928,Johns Hopkins University,Maryland,6,62300,67200
2007,162928,Johns Hopkins University,Maryland,8,,
2007,163046,Loyola College in Maryland,Maryland,10,67300,93600
2007,163046,Loyola College in Maryland,Maryland,6,51100,55800
2007,163046,Loyola College in Maryland,Maryland,8,,
2007,163204,University of Maryland-University College,Maryland,10,50500,66500
2007,163204,University of Maryland-University College,Maryland,6,42500,55000
2007,163204,University of Maryland-University College,Maryland,8,,
2007,163259,University of Maryland-Baltimore,Maryland,10,86900,130000
2007,163259,University of Maryland-Baltimore,Maryland,6,78100,105200
2007,163259,University of Maryland-Baltimore,Maryland,8,,
2007,163268,University of Maryland-Baltimore County,Maryland,10,52800,63700
2007,163268,University of Maryland-Baltimore County,Maryland,6,41900,48500
2007,163268,University of Maryland-Baltimore County,Maryland,8,,
2007,163286,University of Maryland-College Park,Maryland,10,59700,73200
2007,163286,University of Maryland-College Park,Maryland,6,48300,55600
2007,163286,University of Maryland-College Park,Maryland,8,,
2007,163295,Maryland Institute College of Art,Maryland,10,37500,44100
2007,163295,Maryland Institute College of Art,Maryland,6,31000,30000
2007,163295,Maryland Institute College of Art,Maryland,8,,
2007,163338,University of Maryland Eastern Shore,Maryland,10,45100,47100
2007,163338,University of Maryland Eastern Shore,Maryland,6,33400,33900
2007,163338,University of Maryland Eastern Shore,Maryland,8,,
2007,163453,Morgan State University,Maryland,10,48000,43800
2007,163453,Morgan State University,Maryland,6,34900,37100
2007,163453,Morgan State University,Maryland,8,,
2007,163462,Mount St Mary's University,Maryland,10,52500,70500
2007,163462,Mount St Mary's University,Maryland,6,43400,49400
2007,163462,Mount St Mary's University,Maryland,8,,
2007,163532,Ner Israel Rabbinical College,Maryland,10,Suppressed data,Suppressed data
2007,163532,Ner Israel Rabbinical College,Maryland,6,Suppressed data,Suppressed data
2007,163532,Ner Israel Rabbinical College,Maryland,8,,
2007,163578,College of Notre Dame of Maryland,Maryland,10,Suppressed data,Suppressed data
2007,163578,College of Notre Dame of Maryland,Maryland,6,Suppressed data,Suppressed data
2007,163578,College of Notre Dame of Maryland,Maryland,8,,
2007,163842,St. Mary's Seminary & University,Maryland,10,Suppressed data,Suppressed data
2007,163842,St. Mary's Seminary & University,Maryland,6,Suppressed data,Suppressed data
2007,163842,St. Mary's Seminary & University,Maryland,8,,
2007,163851,Salisbury University,Maryland,10,49000,59600
2007,163851,Salisbury University,Maryland,6,40800,41600
2007,163851,Salisbury University,Maryland,8,,
2007,163912,St Mary's College of Maryland,Maryland,10,50600,68100
2007,163912,St Mary's College of Maryland,Maryland,6,37700,36200
2007,163912,St Mary's College of Maryland,Maryland,8,,
2007,163921,Sojourner-Douglass College,Maryland,10,38400,43400
2007,163921,Sojourner-Douglass College,Maryland,6,34200,34700
2007,163921,Sojourner-Douglass College,Maryland,8,,
2007,163976,St John's College,Maryland,10,Suppressed data,Suppressed data
2007,163976,St John's College,Maryland,6,Suppressed data,Suppressed data
2007,163976,St John's College,Maryland,8,,
2007,164076,Towson University,Maryland,10,50900,62000
2007,164076,Towson University,Maryland,6,42600,46200
2007,164076,Towson University,Maryland,8,,
2007,164085,Tai Sophia Institute,Maryland,10,Suppressed data,Suppressed data
2007,164173,Villa Julie College,Maryland,10,54000,62100
2007,164173,Villa Julie College,Maryland,6,46000,46900
2007,164173,Villa Julie College,Maryland,8,,
2007,164207,Washington Bible College-Capital Bible Seminary,Maryland,10,Suppressed data,Suppressed data
2007,164207,Washington Bible College-Capital Bible Seminary,Maryland,6,Suppressed data,Suppressed data
2007,164207,Washington Bible College-Capital Bible Seminary,Maryland,8,,
2007,164216,Washington College,Maryland,10,47200,67300
2007,164216,Washington College,Maryland,6,38000,42600
2007,164216,Washington College,Maryland,8,,
2007,164270,McDaniel College,Maryland,10,48400,60800
2007,164270,McDaniel College,Maryland,6,40300,44300
2007,164270,McDaniel College,Maryland,8,,
2007,434973,University of Phoenix-Maryland Campus,Maryland,10,63700,78600
2007,434973,University of Phoenix-Maryland Campus,Maryland,6,50000,66200
2007,434973,University of Phoenix-Maryland Campus,Maryland,8,,
2007,439330,DeVry University-Maryland,Maryland,10,Suppressed data,Suppressed data
2007,439330,DeVry University-Maryland,Maryland,6,Suppressed data,Suppressed data
2007,439330,DeVry University-Maryland,Maryland,8,,
2007,446914,ITT Technical Institute-Owings Mills,Maryland,10,28400,44500
2007,446914,ITT Technical Institute-Owings Mills,Maryland,6,28500,36400
2007,446914,ITT Technical Institute-Owings Mills,Maryland,8,,
2006,161837,Baltimore Hebrew University Inc,Maryland,7,,
2006,161837,Baltimore Hebrew University Inc,Maryland,9,,
2006,161873,University of Baltimore,Maryland,7,,
2006,161873,University of Baltimore,Maryland,9,,
2006,161882,Baltimore International College,Maryland,7,,
2006,161882,Baltimore International College,Maryland,9,,
2006,162007,Bowie State University,Maryland,7,,
2006,162007,Bowie State University,Maryland,9,,
2006,162061,Capitol College,Maryland,7,,
2006,162061,Capitol College,Maryland,9,,
2006,162210,Columbia Union College,Maryland,7,,
2006,162210,Columbia Union College,Maryland,9,,
2006,162283,Coppin State University,Maryland,7,,
2006,162283,Coppin State University,Maryland,9,,
2006,162584,Frostburg State University,Maryland,7,,
2006,162584,Frostburg State University,Maryland,9,,
2006,162654,Goucher College,Maryland,7,,
2006,162654,Goucher College,Maryland,9,,
2006,162760,Hood College,Maryland,7,,
2006,162760,Hood College,Maryland,9,,
2006,162928,Johns Hopkins University,Maryland,7,,
2006,162928,Johns Hopkins University,Maryland,9,,
2006,163046,Loyola College in Maryland,Maryland,7,,
2006,163046,Loyola College in Maryland,Maryland,9,,
2006,163204,University of Maryland-University College,Maryland,7,,
2006,163204,University of Maryland-University College,Maryland,9,,
2006,163259,University of Maryland-Baltimore,Maryland,7,,
2006,163259,University of Maryland-Baltimore,Maryland,9,,
2006,163268,University of Maryland-Baltimore County,Maryland,7,,
2006,163268,University of Maryland-Baltimore County,Maryland,9,,
2006,163286,University of Maryland-College Park,Maryland,7,,
2006,163286,University of Maryland-College Park,Maryland,9,,
2006,163295,Maryland Institute College of Art,Maryland,7,,
2006,163295,Maryland Institute College of Art,Maryland,9,,
2006,163338,University of Maryland-Eastern Shore,Maryland,7,,
2006,163338,University of Maryland-Eastern Shore,Maryland,9,,
2006,163453,Morgan State University,Maryland,7,,
2006,163453,Morgan State University,Maryland,9,,
2006,163462,Mount St Mary's University,Maryland,7,,
2006,163462,Mount St Mary's University,Maryland,9,,
2006,163532,Ner Israel Rabbinical College,Maryland,7,,
2006,163532,Ner Israel Rabbinical College,Maryland,9,,
2006,163578,College of Notre Dame of Maryland,Maryland,7,,
2006,163578,College of Notre Dame of Maryland,Maryland,9,,
2006,163842,St. Mary's Seminary & University,Maryland,7,,
2006,163842,St. Mary's Seminary & University,Maryland,9,,
2006,163851,Salisbury University,Maryland,7,,
2006,163851,Salisbury University,Maryland,9,,
2006,163912,St Mary's College of Maryland,Maryland,7,,
2006,163912,St Mary's College of Maryland,Maryland,9,,
2006,163921,Sojourner-Douglass College,Maryland,7,,
2006,163921,Sojourner-Douglass College,Maryland,9,,
2006,163976,St John's College,Maryland,7,,
2006,163976,St John's College,Maryland,9,,
2006,164076,Towson University,Maryland,7,,
2006,164076,Towson University,Maryland,9,,
2006,164085,Tai Sophia Institute,Maryland,9,,
2006,164173,Villa Julie College,Maryland,7,,
2006,164173,Villa Julie College,Maryland,9,,
2006,164207,Washington Bible College-Capital Bible Seminary,Maryland,7,,
2006,164207,Washington Bible College-Capital Bible Seminary,Maryland,9,,
2006,164216,Washington College,Maryland,7,,
2006,164216,Washington College,Maryland,9,,
2006,164270,McDaniel College,Maryland,7,,
2006,164270,McDaniel College,Maryland,9,,
2006,434973,University of Phoenix-Maryland Campus,Maryland,7,,
2006,434973,University of Phoenix-Maryland Campus,Maryland,9,,
2006,439330,DeVry University-Maryland,Maryland,7,,
2006,439330,DeVry University-Maryland,Maryland,9,,
2006,446914,ITT Technical Institute-Owings Mills,Maryland,7,,
2006,446914,ITT Technical Institute-Owings Mills,Maryland,9,,
2005,161837,Baltimore Hebrew University Inc,Maryland,6,Suppressed data,Suppressed data
2005,161837,Baltimore Hebrew University Inc,Maryland,8,,
2005,161873,University of Baltimore,Maryland,6,51100,59400
2005,161873,University of Baltimore,Maryland,8,,
2005,161882,Baltimore International College,Maryland,6,31000,34600
2005,161882,Baltimore International College,Maryland,8,,
2005,162007,Bowie State University,Maryland,6,42200,41500
2005,162007,Bowie State University,Maryland,8,,
2005,162061,Capitol College,Maryland,6,Suppressed data,Suppressed data
2005,162061,Capitol College,Maryland,8,,
2005,162210,Columbia Union College,Maryland,6,49300,48700
2005,162210,Columbia Union College,Maryland,8,,
2005,162283,Coppin State University,Maryland,6,35400,30800
2005,162283,Coppin State University,Maryland,8,,
2005,162584,Frostburg State University,Maryland,6,34900,39800
2005,162584,Frostburg State University,Maryland,8,,
2005,162654,Goucher College,Maryland,6,33200,40200
2005,162654,Goucher College,Maryland,8,,
2005,162760,Hood College,Maryland,6,Suppressed data,Suppressed data
2005,162760,Hood College,Maryland,8,,
2005,162928,Johns Hopkins University,Maryland,6,59400,67300
2005,162928,Johns Hopkins University,Maryland,8,,
2005,163046,Loyola College in Maryland,Maryland,6,50000,53900
2005,163046,Loyola College in Maryland,Maryland,8,,
2005,163204,University of Maryland-University College,Maryland,6,40800,53500
2005,163204,University of Maryland-University College,Maryland,8,,
2005,163259,University of Maryland-Baltimore,Maryland,6,73000,94500
2005,163259,University of Maryland-Baltimore,Maryland,8,,
2005,163268,University of Maryland-Baltimore County,Maryland,6,42900,47600
2005,163268,University of Maryland-Baltimore County,Maryland,8,,
2005,163286,University of Maryland-College Park,Maryland,6,46000,52900
2005,163286,University of Maryland-College Park,Maryland,8,,
2005,163295,Maryland Institute College of Art,Maryland,6,30600,32600
2005,163295,Maryland Institute College of Art,Maryland,8,,
2005,163338,University of Maryland-Eastern Shore,Maryland,6,33400,38800
2005,163338,University of Maryland-Eastern Shore,Maryland,8,,
2005,163453,Morgan State University,Maryland,6,35600,36100
2005,163453,Morgan State University,Maryland,8,,
2005,163462,Mount St Mary's University,Maryland,6,44300,49100
2005,163462,Mount St Mary's University,Maryland,8,,
2005,163532,Ner Israel Rabbinical College,Maryland,6,Suppressed data,Suppressed data
2005,163532,Ner Israel Rabbinical College,Maryland,8,,
2005,163578,College of Notre Dame of Maryland,Maryland,6,Suppressed data,Suppressed data
2005,163578,College of Notre Dame of Maryland,Maryland,8,,
2005,163842,St. Mary's Seminary & University,Maryland,6,Suppressed data,Suppressed data
2005,163842,St. Mary's Seminary & University,Maryland,8,,
2005,163851,Salisbury University,Maryland,6,42100,44300
2005,163851,Salisbury University,Maryland,8,,
2005,163912,St Mary's College of Maryland,Maryland,6,38600,39900
2005,163912,St Mary's College of Maryland,Maryland,8,,
2005,163921,Sojourner-Douglass College,Maryland,6,33300,37000
2005,163921,Sojourner-Douglass College,Maryland,8,,
2005,163976,St John's College,Maryland,6,28900,31600
2005,163976,St John's College,Maryland,8,,
2005,164076,Towson University,Maryland,6,41300,46900
2005,164076,Towson University,Maryland,8,,
2005,164085,Tai Sophia Institute,Maryland,8,,
2005,164173,Villa Julie College,Maryland,6,44700,50400
2005,164173,Villa Julie College,Maryland,8,,
2005,164207,Washington Bible College-Capital Bible Seminary,Maryland,6,Suppressed data,Suppressed data
2005,164207,Washington Bible College-Capital Bible Seminary,Maryland,8,,
2005,164216,Washington College,Maryland,6,36400,50300
2005,164216,Washington College,Maryland,8,,
2005,164270,McDaniel College,Maryland,6,38000,41300
2005,164270,McDaniel College,Maryland,8,,
2005,434034,National Labor College,Maryland,6,Suppressed data,Suppressed data
2005,434973,University of Phoenix-Maryland Campus,Maryland,6,55800,69600
2005,434973,University of Phoenix-Maryland Campus,Maryland,8,,
2005,439330,DeVry University-Maryland,Maryland,6,Suppressed data,Suppressed data
2005,439330,DeVry University-Maryland,Maryland,8,,
2005,446914,ITT Technical Institute,Maryland,6,26500,36900
2005,446914,ITT Technical Institute,Maryland,8,,
2004,161837,BALTIMORE HEBREW UNIVERSITY,Maryland,7,,
2004,161873,UNIVERSITY OF BALTIMORE,Maryland,7,,
2004,161882,BALTIMORE INTERNATIONAL COLLEGE,Maryland,7,,
2004,162007,BOWIE STATE UNIVERSITY,Maryland,7,,
2004,162061,CAPITOL COLLEGE,Maryland,7,,
2004,162210,COLUMBIA UNION COLLEGE,Maryland,7,,
2004,162283,COPPIN STATE UNIVERSITY,Maryland,7,,
2004,162584,FROSTBURG STATE UNIVERSITY,Maryland,7,,
2004,162654,GOUCHER COLLEGE,Maryland,7,,
2004,162760,HOOD COLLEGE,Maryland,7,,
2004,162928,JOHNS HOPKINS UNIVERSITY,Maryland,7,,
2004,163046,LOYOLA COLLEGE IN MARYLAND,Maryland,7,,
2004,163204,UNIVERSITY OF MARYLAND-UNIVERSITY COLLEGE,Maryland,7,,
2004,163259,UNIVERSITY OF MARYLAND-BALTIMORE,Maryland,7,,
2004,163268,UNIVERSITY OF MARYLAND-BALTIMORE COUNTY,Maryland,7,,
2004,163286,UNIVERSITY OF MARYLAND-COLLEGE PARK,Maryland,7,,
2004,163295,MARYLAND INSTITUTE COLLEGE OF ART,Maryland,7,,
2004,163338,UNIVERSITY OF MARYLAND-EASTERN SHORE,Maryland,7,,
2004,163453,MORGAN STATE UNIVERSITY,Maryland,7,,
2004,163462,MOUNT ST MARY'S UNIVERSITY,Maryland,7,,
2004,163532,NER ISRAEL RABBINICAL COLLEGE,Maryland,7,,
2004,163578,COLLEGE OF NOTRE DAME OF MARYLAND,Maryland,7,,
2004,163842,SAINT MARYS SEMINARY AND UNIVERSITY,Maryland,7,,
2004,163851,SALISBURY UNIVERSITY,Maryland,7,,
2004,163912,ST MARY'S COLLEGE OF MARYLAND,Maryland,7,,
2004,163921,SOJOURNER-DOUGLASS COLLEGE,Maryland,7,,
2004,163976,ST JOHN'S COLLEGE,Maryland,7,,
2004,164076,TOWSON UNIVERSITY,Maryland,7,,
2004,164085,TAI SOPHIA INSTITUTE,Maryland,7,,
2004,164173,VILLA JULIE COLLEGE,Maryland,7,,
2004,164207,WASHINGTON BIBLE COLLEGE-CAPITAL BIBLE SEMINARY,Maryland,7,,
2004,164216,WASHINGTON COLLEGE,Maryland,7,,
2004,164270,MCDANIEL COLLEGE,Maryland,7,,
2004,434973,UNIVERSITY OF PHOENIX-MARYLAND,Maryland,7,,
2004,439330,DEVRY UNIVERSITY-MARYLAND,Maryland,7,,
2003,161837,BALTIMORE HEBREW UNIVERSITY,Maryland,6,Suppressed data,Suppressed data
2003,161873,UNIVERSITY OF BALTIMORE,Maryland,6,45000,59100
2003,161882,BALTIMORE INTERNATIONAL COLLEGE,Maryland,6,29800,35500
2003,162007,BOWIE STATE UNIVERSITY,Maryland,6,40000,38700
2003,162061,CAPITOL COLLEGE,Maryland,6,Suppressed data,Suppressed data
2003,162210,COLUMBIA UNION COLLEGE,Maryland,6,50900,52600
2003,162283,COPPIN STATE COLLEGE,Maryland,6,34900,32900
2003,162584,FROSTBURG STATE UNIVERSITY,Maryland,6,35500,39400
2003,162654,GOUCHER COLLEGE,Maryland,6,33600,36000
2003,162760,HOOD COLLEGE,Maryland,6,Suppressed data,Suppressed data
2003,162928,JOHNS HOPKINS UNIVERSITY,Maryland,6,54100,60100
2003,163046,LOYOLA COLLEGE IN MARYLAND,Maryland,6,48900,54700
2003,163204,UNIVERSITY OF MARYLAND-UNIVERSITY COLLEGE,Maryland,6,40600,51300
2003,163259,UNIVERSITY OF MARYLAND-BALTIMORE,Maryland,6,73300,94600
2003,163268,UNIVERSITY OF MARYLAND-BALTIMORE COUNTY,Maryland,6,41900,47300
2003,163286,UNIVERSITY OF MARYLAND-COLLEGE PARK,Maryland,6,44100,49800
2003,163295,MARYLAND INSTITUTE COLLEGE OF ART,Maryland,6,31300,31100
2003,163338,UNIVERSITY OF MARYLAND-EASTERN SHORE,Maryland,6,34600,33900
2003,163453,MORGAN STATE UNIVERSITY,Maryland,6,35700,33000
2003,163462,MOUNT SAINT MARYS COLLEGE,Maryland,6,42100,44100
2003,163532,NER ISRAEL RABBINICAL COLLEGE,Maryland,6,Suppressed data,Suppressed data
2003,163578,COLLEGE OF NOTRE DAME OF MARYLAND,Maryland,6,Suppressed data,Suppressed data
2003,163842,SAINT MARYS SEMINARY AND UNIVERSITY,Maryland,6,Suppressed data,Suppressed data
2003,163851,SALISBURY UNIVERSITY,Maryland,6,40200,42500
2003,163912,ST MARY'S COLLEGE OF MARYLAND,Maryland,6,37400,46600
2003,163921,SOJOURNER-DOUGLAS COLLEGE,Maryland,6,34300,42900
2003,163976,ST JOHN'S COLLEGE,Maryland,6,Suppressed data,Suppressed data
2003,164076,TOWSON UNIVERSITY,Maryland,6,41000,44500
2003,164085,TAI SOPHIA INSTITUTE,Maryland,6,Suppressed data,Suppressed data
2003,164173,VILLA JULIE COLLEGE,Maryland,6,45100,47800
2003,164207,WASHINGTON BIBLE COLLEGE-CAPITAL BIBLE SEMINARY,Maryland,6,Suppressed data,Suppressed data
2003,164216,WASHINGTON COLLEGE,Maryland,6,34600,46500
2003,164270,MCDANIEL COLLEGE,Maryland,6,39600,43400
2003,430184,STRAYER UNIVERSITY-PRINCE GEORGES CAMPUS,Maryland,6,44000,56100
2003,434973,UNIVERSITY OF PHOENIX-MARYLAND,Maryland,6,59200,70900
2003,436447,STRAYER UNIVERSITY-ANNE ARUNDEL CAMPUS,Maryland,6,44000,56100
2003,436456,STRAYER UNIVERSITY-WHITE MARSH CAMPUS,Maryland,6,44000,56100
2003,436845,STRAYER UNIVERSITY-MONTGOMERY CAMPUS,Maryland,6,44000,56100
2003,439330,DEVRY UNIVERSITY-MARYLAND,Maryland,6,Suppressed data,Suppressed data
2003,440518,STRAYER UNIVERSITY-OWINGS MILLS CAMPUS,Maryland,6,44000,56100
